arquivo,url,origem,bytes,sha256
imagens/a667374e_icon.svg,https://cdn.trustindex.io/assets/platform/Google/icon.svg,https://salaomorenos.com.br/,51351,a667374e65ef94797b042e29afa75edcc2a54e8bf02015c60776d2b3688d7a27
imagens/fd0a18f7_f.svg,https://cdn.trustindex.io/assets/platform/Google/star/f.svg,https://salaomorenos.com.br/,1726,fd0a18f717ca19bcbca32a12434f22221709c6297fab91466d2bdb2b21cc0287
imagens/7eebb88c_011dbeda00c3f7987dc974aa53e29655.jpg,https://salaomorenos.com.br/core/cache/ls/avatar/011dbeda00c3f7987dc974aa53e29655.jpg?rnd=76146,https://salaomorenos.com.br/ | https://salaomorenos.com.br/corporativo/ | https://salaomorenos.com.br/cultura/ | https://salaomorenos.com.br/dia-do-noivo/ | https://salaomorenos.com.br/o-clube/ | https://salaomorenos.com.br/servicos/ | https://salaomorenos.com.br/trabalhe-conosco/ | https://salaomorenos.com.br/unidades/ | https://salaomorenos.com.br/visagismo/,1387,7eebb88caab2d1528e0af6d8d9cfb1ff3c48050b6aa163e5aee5b66d9e3f1586
imagens/745edfe6_jkiticon.svg,https://salaomorenos.com.br/core/modules/b7b83e499b/assets/fonts/jkiticon/jkiticon.svg?bv8d8l,https://salaomorenos.com.br/ | https://salaomorenos.com.br/corporativo/ | https://salaomorenos.com.br/cultura/ | https://salaomorenos.com.br/dia-do-noivo/ | https://salaomorenos.com.br/o-clube/ | https://salaomorenos.com.br/servicos/ | https://salaomorenos.com.br/trabalhe-conosco/ | https://salaomorenos.com.br/unidades/ | https://salaomorenos.com.br/visagismo/,2733431,745edfe67d3307279261e91e15c3eb56c51fac67a26e908383ba0e7e860fb823
imagens/745edfe6_jkiticon.svg,https://salaomorenos.com.br/core/modules/b7b83e499b/assets/fonts/jkiticon/jkiticon.svg?bv8d8l)format(,https://salaomorenos.com.br/ | https://salaomorenos.com.br/corporativo/ | https://salaomorenos.com.br/cultura/ | https://salaomorenos.com.br/dia-do-noivo/ | https://salaomorenos.com.br/o-clube/ | https://salaomorenos.com.br/servicos/ | https://salaomorenos.com.br/trabalhe-conosco/ | https://salaomorenos.com.br/unidades/ | https://salaomorenos.com.br/visagismo/,2733431,745edfe67d3307279261e91e15c3eb56c51fac67a26e908383ba0e7e860fb823
fontes/6ddb508a_jkiticon.ttf,https://salaomorenos.com.br/core/modules/b7b83e499b/assets/fonts/jkiticon/jkiticon.ttf?bv8d8l,https://salaomorenos.com.br/ | https://salaomorenos.com.br/corporativo/ | https://salaomorenos.com.br/cultura/ | https://salaomorenos.com.br/dia-do-noivo/ | https://salaomorenos.com.br/o-clube/ | https://salaomorenos.com.br/servicos/ | https://salaomorenos.com.br/trabalhe-conosco/ | https://salaomorenos.com.br/unidades/ | https://salaomorenos.com.br/visagismo/,892000,6ddb508a4f5fbf6d2b49cf4333110f4965ed5afca51d9029e449ec1288417ac6
fontes/6ddb508a_jkiticon.ttf,https://salaomorenos.com.br/core/modules/b7b83e499b/assets/fonts/jkiticon/jkiticon.ttf?bv8d8l)format(,https://salaomorenos.com.br/ | https://salaomorenos.com.br/corporativo/ | https://salaomorenos.com.br/cultura/ | https://salaomorenos.com.br/dia-do-noivo/ | https://salaomorenos.com.br/o-clube/ | https://salaomorenos.com.br/servicos/ | https://salaomorenos.com.br/trabalhe-conosco/ | https://salaomorenos.com.br/unidades/ | https://salaomorenos.com.br/visagismo/,892000,6ddb508a4f5fbf6d2b49cf4333110f4965ed5afca51d9029e449ec1288417ac6
fontes/986c16d3_jkiticon.woff2,https://salaomorenos.com.br/core/modules/b7b83e499b/assets/fonts/jkiticon/jkiticon.woff2?bv8d8l,https://salaomorenos.com.br/ | https://salaomorenos.com.br/corporativo/ | https://salaomorenos.com.br/cultura/ | https://salaomorenos.com.br/dia-do-noivo/ | https://salaomorenos.com.br/o-clube/ | https://salaomorenos.com.br/servicos/ | https://salaomorenos.com.br/trabalhe-conosco/ | https://salaomorenos.com.br/unidades/ | https://salaomorenos.com.br/visagismo/,401140,986c16d318646b959f5e134927a2fd99c2428e97e152fe873797abb29d62a967
fontes/986c16d3_jkiticon.woff2,https://salaomorenos.com.br/core/modules/b7b83e499b/assets/fonts/jkiticon/jkiticon.woff2?bv8d8l)format(,https://salaomorenos.com.br/ | https://salaomorenos.com.br/corporativo/ | https://salaomorenos.com.br/cultura/ | https://salaomorenos.com.br/dia-do-noivo/ | https://salaomorenos.com.br/o-clube/ | https://salaomorenos.com.br/servicos/ | https://salaomorenos.com.br/trabalhe-conosco/ | https://salaomorenos.com.br/unidades/ | https://salaomorenos.com.br/visagismo/,401140,986c16d318646b959f5e134927a2fd99c2428e97e152fe873797abb29d62a967
fontes/168df028_jkiticon.woff,https://salaomorenos.com.br/core/modules/b7b83e499b/assets/fonts/jkiticon/jkiticon.woff?bv8d8l,https://salaomorenos.com.br/ | https://salaomorenos.com.br/corporativo/ | https://salaomorenos.com.br/cultura/ | https://salaomorenos.com.br/dia-do-noivo/ | https://salaomorenos.com.br/o-clube/ | https://salaomorenos.com.br/servicos/ | https://salaomorenos.com.br/trabalhe-conosco/ | https://salaomorenos.com.br/unidades/ | https://salaomorenos.com.br/visagismo/,507320,168df0286aa5037cc490a5376423612b051ecd0af78a25dc1ec20a4501ddfc74
fontes/168df028_jkiticon.woff,https://salaomorenos.com.br/core/modules/b7b83e499b/assets/fonts/jkiticon/jkiticon.woff?bv8d8l)format(,https://salaomorenos.com.br/ | https://salaomorenos.com.br/corporativo/ | https://salaomorenos.com.br/cultura/ | https://salaomorenos.com.br/dia-do-noivo/ | https://salaomorenos.com.br/o-clube/ | https://salaomorenos.com.br/servicos/ | https://salaomorenos.com.br/trabalhe-conosco/ | https://salaomorenos.com.br/unidades/ | https://salaomorenos.com.br/visagismo/,507320,168df0286aa5037cc490a5376423612b051ecd0af78a25dc1ec20a4501ddfc74
fontes/84687b11_elementskit.woff,https://salaomorenos.com.br/core/modules/ee3d367a9e/modules/elementskit-icon-pack/assets/fonts/elementskit.woff?itek3h,https://salaomorenos.com.br/ | https://salaomorenos.com.br/corporativo/ | https://salaomorenos.com.br/cultura/ | https://salaomorenos.com.br/dia-do-noivo/ | https://salaomorenos.com.br/o-clube/ | https://salaomorenos.com.br/servicos/ | https://salaomorenos.com.br/trabalhe-conosco/ | https://salaomorenos.com.br/unidades/ | https://salaomorenos.com.br/visagismo/,464672,84687b1145eebcd305dd300750ba1bc1b58bf93534a26b1590b2bd7bf064074f
fontes/84687b11_elementskit.woff,https://salaomorenos.com.br/core/modules/ee3d367a9e/modules/elementskit-icon-pack/assets/fonts/elementskit.woff?itek3h)format(,https://salaomorenos.com.br/ | https://salaomorenos.com.br/corporativo/ | https://salaomorenos.com.br/cultura/ | https://salaomorenos.com.br/dia-do-noivo/ | https://salaomorenos.com.br/o-clube/ | https://salaomorenos.com.br/servicos/ | https://salaomorenos.com.br/trabalhe-conosco/ | https://salaomorenos.com.br/unidades/ | https://salaomorenos.com.br/visagismo/,464672,84687b1145eebcd305dd300750ba1bc1b58bf93534a26b1590b2bd7bf064074f
imagens/6342b24c_1-1.webp,https://salaomorenos.com.br/storage/2026/03/1-1.webp,WordPress: catalogo publico | https://salaomorenos.com.br/,802328,6342b24c7f5e11658215f7754e80ee307bea5a5496d21be0cce1e98eda870ec1
imagens/4038a093_1-2.webp,https://salaomorenos.com.br/storage/2026/03/1-2.webp,WordPress: catalogo publico | https://salaomorenos.com.br/unidades/,45570,4038a0930dac2ce9fe3942b0666f00514f7bc5114b3def0f7cefb46dfa4fe0f7
imagens/cc183f5b_1.webp,https://salaomorenos.com.br/storage/2026/03/1.webp,WordPress: catalogo publico | https://salaomorenos.com.br/,19458,cc183f5b4eda1420a0a5b915a1dd42157228fddac9e624927c3573578afebcaa
imagens/06f46fb7_10.webp,https://salaomorenos.com.br/storage/2026/03/10.webp,WordPress: catalogo publico | https://salaomorenos.com.br/corporativo/,87974,06f46fb7f001e1e93f478f05506fd19b38c7a85d376b3d56e1757c39cb6dfce8
imagens/1958a8b9_2-1.webp,https://salaomorenos.com.br/storage/2026/03/2-1.webp,WordPress: catalogo publico | https://salaomorenos.com.br/,775194,1958a8b9014b596628b8ccb9d9a152dd314f55360965458005e908a50410a573
imagens/3a26a2e3_2-2.webp,https://salaomorenos.com.br/storage/2026/03/2-2.webp,WordPress: catalogo publico | https://salaomorenos.com.br/dia-do-noivo/ | https://salaomorenos.com.br/unidades/,58782,3a26a2e3cd59cb81bb21261e6d1a66d40fcec5f3a21655998c8ab0e61eb2f823
imagens/cd7292c2_2.webp,https://salaomorenos.com.br/storage/2026/03/2.webp,WordPress: catalogo publico | https://salaomorenos.com.br/,25190,cd7292c2bada1083af630531b0c85bfa1b9df3be9e9a4f826ccdb52a46b4420f
imagens/a0b0bcfb_2GE5WB6a.jpg,https://salaomorenos.com.br/storage/2026/03/2GE5WB6a.jpg,WordPress: catalogo publico,208241,a0b0bcfbe355ad3da0a1726a864a0c012298c5e423287b5c4846d31350ed6064
imagens/f5e27a3f_3-1.webp,https://salaomorenos.com.br/storage/2026/03/3-1.webp,WordPress: catalogo publico | https://salaomorenos.com.br/unidades/,48704,f5e27a3f16ad1a2dfedd8f1c8f825c58e4fcf72162cf775d395813d003c14c52
imagens/323508da_3-2-1.webp,https://salaomorenos.com.br/storage/2026/03/3-2-1.webp,WordPress: catalogo publico,467292,323508dac6adb4b340056010217ca7f3666f3c9740039aa57c3484aa1cddf300
imagens/323508da_3-2-1.webp,https://salaomorenos.com.br/storage/2026/03/3-2.webp,WordPress: catalogo publico | https://salaomorenos.com.br/,467292,323508dac6adb4b340056010217ca7f3666f3c9740039aa57c3484aa1cddf300
imagens/176b61bf_3.webp,https://salaomorenos.com.br/storage/2026/03/3.webp,WordPress: catalogo publico | https://salaomorenos.com.br/,23558,176b61bf701968e754e2145cace6c010c736cf26db0372e1e9f6544025706233
imagens/ce83791c_4.webp,https://salaomorenos.com.br/storage/2026/03/4.webp,WordPress: catalogo publico | https://salaomorenos.com.br/,30650,ce83791c44d34e851fd92ef5b9384df6103f079702b916ca7eeeb1320a43c1b1
imagens/912ae309_5.webp,https://salaomorenos.com.br/storage/2026/03/5.webp,WordPress: catalogo publico | https://salaomorenos.com.br/,24182,912ae3093e1bd54057416f4fa1f45b89dee0f3705bc4eb1d4896a96db6669650
imagens/46946825_6-2.webp,https://salaomorenos.com.br/storage/2026/03/6-2.webp,WordPress: catalogo publico | https://salaomorenos.com.br/visagismo/,1198432,469468259332133355d503eae296658d656c191eee1e62b6a54ebe2f207cc869
imagens/61a86825_7.webp,https://salaomorenos.com.br/storage/2026/03/7.webp,WordPress: catalogo publico | https://salaomorenos.com.br/cultura/,1376688,61a8682535928e0693d3a5e3fc6b8797b3b5a7e8e086800a29cb2e22b2cc27af
imagens/0f2e1697_78GPD63.jpg,https://salaomorenos.com.br/storage/2026/03/78GPD63.jpg,WordPress: catalogo publico,86284,0f2e16975dad63fcf84cd6ed77e8818efab2b0274a40550de8d52971ae7c9b33
imagens/583690f5_8.webp,https://salaomorenos.com.br/storage/2026/03/8.webp,WordPress: catalogo publico | https://salaomorenos.com.br/cultura/,59962,583690f50b12e8bf6e8399017428a3d629dc8484c78be4a29d8b6291d2bf0935
imagens/baf1bd0a_9.webp,https://salaomorenos.com.br/storage/2026/03/9.webp,WordPress: catalogo publico | https://salaomorenos.com.br/trabalhe-conosco/,167050,baf1bd0a9b4be1f8629302430060c7b0c5c87905dc02f6f61fe8a170adaf2782
imagens/ab0ce025_Asset-1_2x-18.16.06.png,https://salaomorenos.com.br/storage/2026/03/Asset-1@2x-18.16.06.png,WordPress: catalogo publico,32576,ab0ce0257419514c39eff124203eaf4b2bb8ef206214b71a63ef0c19d03195ac
imagens/a68a537f_Capa.webp,https://salaomorenos.com.br/storage/2026/03/Capa.webp,WordPress: catalogo publico,90236,a68a537f0ae5808f95bbd0345ffb25a66a9fea14aa735438abc57761d02baf3d
imagens/cba45b72_D5RZ6L3.jpg,https://salaomorenos.com.br/storage/2026/03/D5RZ6L3.jpg,WordPress: catalogo publico,127818,cba45b721e3d0b44137a63fe467a719e39cc60686e9a59006bb270cc6da65670
imagens/f08995e9_Dapper-Logo.png,https://salaomorenos.com.br/storage/2026/03/Dapper-Logo.png,WordPress: catalogo publico,2335,f08995e9fa329481f1134f5bb2cb3a1092433959326068645e3c27002af05253
imagens/2e757ba8_Dapper-Logo1.png,https://salaomorenos.com.br/storage/2026/03/Dapper-Logo1.png,WordPress: catalogo publico,24944,2e757ba8675b4bd863d484be1c7fc57679540506afaa4eebdacb368e1115d4b4
imagens/2f0cb479_Design-sem-nome-4.svg,https://salaomorenos.com.br/storage/2026/03/Design-sem-nome-4.svg,WordPress: catalogo publico,1116,2f0cb47932c5ca15d1b1b48a0387b9354808dd68c16a2864f29dc3d74f1c0ca6
imagens/52e53a24_Design-sem-nome-49.png,https://salaomorenos.com.br/storage/2026/03/Design-sem-nome-49.png,WordPress: catalogo publico,171482,52e53a24888a42c304bc49354d3d9aec3d87cad29fd65e9cf83599acd96fdfe2
imagens/5d2ef2dd_Design-sem-nome-49.png.webp,https://salaomorenos.com.br/storage/2026/03/Design-sem-nome-49.png.webp,https://salaomorenos.com.br/,48284,5d2ef2dd9d9b08f249b747afd1e8228681c8ad19265f726a6599aef860a4e355
imagens/42fbd28c_Design-sem-nome-5-1.svg,https://salaomorenos.com.br/storage/2026/03/Design-sem-nome-5-1.svg,WordPress: catalogo publico,21183,42fbd28c1b9dae3712d52ffb0e9284a1f50feac9d00703106add61c6f4d458f2
imagens/42fbd28c_Design-sem-nome-5-1.svg,https://salaomorenos.com.br/storage/2026/03/Design-sem-nome-5.svg,WordPress: catalogo publico,21183,42fbd28c1b9dae3712d52ffb0e9284a1f50feac9d00703106add61c6f4d458f2
imagens/1763004a_Design-sem-nome-51-1024x400.png.webp,https://salaomorenos.com.br/storage/2026/03/Design-sem-nome-51-1024x400.png.webp,https://salaomorenos.com.br/ | https://salaomorenos.com.br/o-clube/,24998,1763004aec69f22f267d296da6dd03abc46e4011fb697a11f9b367c5ece806c5
imagens/98c01b05_Design-sem-nome-51-1536x600.png.webp,https://salaomorenos.com.br/storage/2026/03/Design-sem-nome-51-1536x600.png.webp,https://salaomorenos.com.br/ | https://salaomorenos.com.br/o-clube/,40616,98c01b0518d89d1eb163c3999fc5c055bf8ba858bdb0039db9fd51eb8bc16657
imagens/d843134f_Design-sem-nome-51-300x117.png.webp,https://salaomorenos.com.br/storage/2026/03/Design-sem-nome-51-300x117.png.webp,https://salaomorenos.com.br/ | https://salaomorenos.com.br/o-clube/,4928,d843134fff7db0485e6f58d56991af36a0ab7741dfe761526261a210af0ba13c
imagens/3da5b69a_Design-sem-nome-51-768x300.png.webp,https://salaomorenos.com.br/storage/2026/03/Design-sem-nome-51-768x300.png.webp,https://salaomorenos.com.br/ | https://salaomorenos.com.br/o-clube/,16894,3da5b69a43c2b749794e46d858f339d9d2ac06007e87e48f216b0857f935d5f0
imagens/d1f7d163_Design-sem-nome-51.png,https://salaomorenos.com.br/storage/2026/03/Design-sem-nome-51.png,WordPress: catalogo publico | https://salaomorenos.com.br/ | https://salaomorenos.com.br/o-clube/,224334,d1f7d163deb1b205f79f3386320e866f32f976a5a8eb1eef08490cfb9bbc9398
imagens/11b59559_Design-sem-nome-51.png.webp,https://salaomorenos.com.br/storage/2026/03/Design-sem-nome-51.png.webp,https://salaomorenos.com.br/ | https://salaomorenos.com.br/o-clube/,55334,11b59559861799057d57749d51bff55a897d33856680a006e41f9441bb2f01f4
imagens/54249c68_Design-sem-nome-58.png,https://salaomorenos.com.br/storage/2026/03/Design-sem-nome-58.png,WordPress: catalogo publico,124227,54249c68c33c8ad254f8234f0d065f232b5fa4e53eb261fa924e1460f272e29d
imagens/b6aba7bb_Design-sem-nome-6.svg,https://salaomorenos.com.br/storage/2026/03/Design-sem-nome-6.svg,WordPress: catalogo publico,21183,b6aba7bbfef181f59c1885fbc6523349d83d7c561a10662a4dd55a95c383c225
imagens/20be8a9a_Design-sem-nome-65-150x150.png.webp,https://salaomorenos.com.br/storage/2026/03/Design-sem-nome-65-150x150.png.webp,https://salaomorenos.com.br/unidades/,4272,20be8a9a4c925c238909be55a3b86a3bc2a2c5a5ecee21ed5b786e3700dcdb21
imagens/e47521d7_Design-sem-nome-65-300x300.png.webp,https://salaomorenos.com.br/storage/2026/03/Design-sem-nome-65-300x300.png.webp,https://salaomorenos.com.br/unidades/,10094,e47521d7926a2d7a0570f878606d787ee52e239e1ec6d560a20a3e2fa0b1f004
imagens/a26ff0ae_Design-sem-nome-65.png,https://salaomorenos.com.br/storage/2026/03/Design-sem-nome-65.png,WordPress: catalogo publico | https://salaomorenos.com.br/unidades/,74757,a26ff0ae5b784c978c52c4bd261c4765062bc600bcc86b7460f4f421024acecb
imagens/e5b06c60_Design-sem-nome-65.png.webp,https://salaomorenos.com.br/storage/2026/03/Design-sem-nome-65.png.webp,https://salaomorenos.com.br/unidades/,20596,e5b06c60767309d31eeb011f1c8fe9f73d8fdbda2ec7d38dd7e07d9f5af4bd20
imagens/e19afdbb_Design-sem-nome-66.png,https://salaomorenos.com.br/storage/2026/03/Design-sem-nome-66.png,WordPress: catalogo publico,101113,e19afdbb654d217d879f69c9d0ea84bdc089c1884f42d6144c7a331e59f0634c
imagens/2a345ad7_Design-sem-nome-68-150x150.png.webp,https://salaomorenos.com.br/storage/2026/03/Design-sem-nome-68-150x150.png.webp,https://salaomorenos.com.br/visagismo/,4744,2a345ad78dec5f6993df883590bcb9befd650dbf9b3914ee81bf2943a07bca05
imagens/e31d9c69_Design-sem-nome-68-300x300.png.webp,https://salaomorenos.com.br/storage/2026/03/Design-sem-nome-68-300x300.png.webp,https://salaomorenos.com.br/visagismo/,12518,e31d9c69d000e45696519c598551c0c49a65eed1a5bc2a62a47f9daa570b8fce
imagens/7d9d63ef_Design-sem-nome-68.png,https://salaomorenos.com.br/storage/2026/03/Design-sem-nome-68.png,WordPress: catalogo publico | https://salaomorenos.com.br/visagismo/,83980,7d9d63eff17eddf9b4e9dc5e0f3c308c85892d9dc21b52236a9efab92caa6bfa
imagens/fda144ad_Design-sem-nome-68.png.webp,https://salaomorenos.com.br/storage/2026/03/Design-sem-nome-68.png.webp,https://salaomorenos.com.br/visagismo/,30704,fda144ad5e5e947739759b3b5b7603afc633a1674c97380ef278527436f8d2db
imagens/b23b186f_Design-sem-nome-_43_-1.webp,https://salaomorenos.com.br/storage/2026/03/Design-sem-nome-_43_-1.webp,WordPress: catalogo publico | https://salaomorenos.com.br/ | https://salaomorenos.com.br/corporativo/ | https://salaomorenos.com.br/cultura/ | https://salaomorenos.com.br/dia-do-noivo/ | https://salaomorenos.com.br/o-clube/ | https://salaomorenos.com.br/servicos/ | https://salaomorenos.com.br/trabalhe-conosco/ | https://salaomorenos.com.br/unidades/ | https://salaomorenos.com.br/visagismo/,22264,b23b186f88b296046ec93d48483701564ba171fb50394d66a5e5b9adb91d855a
imagens/5c1f1ef6_Design-sem-nome-_43_-e1773003006173.webp,https://salaomorenos.com.br/storage/2026/03/Design-sem-nome-_43_-e1773003006173.webp,WordPress: catalogo publico,11608,5c1f1ef62915f42ffab4ef853680d118c5fcd463cd58248a77f94c23250a835d
imagens/a45fe320_Design-sem-nome-_44_.webp,https://salaomorenos.com.br/storage/2026/03/Design-sem-nome-_44_.webp,WordPress: catalogo publico,117108,a45fe320aa93c7a29477c57a7deb272355a7b764a99b2c570f3eed6e8f7f0efb
imagens/02399242_Design-sem-nome-_45_.webp,https://salaomorenos.com.br/storage/2026/03/Design-sem-nome-_45_.webp,WordPress: catalogo publico,358336,02399242c33b1bfd7dbcbabc986974d789bb7d2d482d38217b91a7e21c58b9d2
imagens/fc33a053_Design-sem-nome-_46_.webp,https://salaomorenos.com.br/storage/2026/03/Design-sem-nome-_46_.webp,WordPress: catalogo publico | https://salaomorenos.com.br/,355660,fc33a053bd22fc1f4f0bb58458d7795e5624be7463607943e9c21a3a20c04880
imagens/4daade9d_Design-sem-nome-_47_.webp,https://salaomorenos.com.br/storage/2026/03/Design-sem-nome-_47_.webp,WordPress: catalogo publico,411380,4daade9d1d0412313814c457563296dc3d07028ecad7de9b4e43e0b248151d0b
imagens/0db39905_Design-sem-nome-_48_-e1773085308950.webp,https://salaomorenos.com.br/storage/2026/03/Design-sem-nome-_48_-e1773085308950.webp,WordPress: catalogo publico,57676,0db399054c1be58b446997e747eef258ec2a5589219ab2264bc7c8e2329012ac
imagens/3b8acefd_Design-sem-nome-_54_.webp,https://salaomorenos.com.br/storage/2026/03/Design-sem-nome-_54_.webp,WordPress: catalogo publico | https://salaomorenos.com.br/,467618,3b8acefd3f78e403233ed058d691d29216ee88a57209a6ac897a8599a795cfa5
imagens/38502fa8_Design-sem-nome-_55_.webp,https://salaomorenos.com.br/storage/2026/03/Design-sem-nome-_55_.webp,WordPress: catalogo publico | https://salaomorenos.com.br/ | https://salaomorenos.com.br/cultura/ | https://salaomorenos.com.br/o-clube/ | https://salaomorenos.com.br/servicos/ | https://salaomorenos.com.br/trabalhe-conosco/,371798,38502fa8d1c166709c4d95247e1969dc56f597adc20c247daa4a81e52d00bc7c
imagens/d353f7a6_Design-sem-nome-_58_.webp,https://salaomorenos.com.br/storage/2026/03/Design-sem-nome-_58_.webp,WordPress: catalogo publico | https://salaomorenos.com.br/cultura/ | https://salaomorenos.com.br/dia-do-noivo/ | https://salaomorenos.com.br/o-clube/ | https://salaomorenos.com.br/servicos/ | https://salaomorenos.com.br/trabalhe-conosco/ | https://salaomorenos.com.br/unidades/ | https://salaomorenos.com.br/visagismo/,210010,d353f7a6b6c8e81f4750a312acf05f1ce6cdde6429b829c9596eba2ef6e4244e
imagens/111a39ce_Design-sem-nome-_59_.webp,https://salaomorenos.com.br/storage/2026/03/Design-sem-nome-_59_.webp,WordPress: catalogo publico | https://salaomorenos.com.br/corporativo/,100580,111a39ce02b886024020903652f6dea808e5af8e243791f6d838601ba5c53e82
imagens/3524bf08_Design-sem-nome-_61_.webp,https://salaomorenos.com.br/storage/2026/03/Design-sem-nome-_61_.webp,WordPress: catalogo publico,1370064,3524bf08664ebe7672b56f4a808ec69657727a9d3824e90dc47510f0f53eaf5b
imagens/34761406_F3QDRTDa.jpg,https://salaomorenos.com.br/storage/2026/03/F3QDRTDa.jpg,WordPress: catalogo publico,46358,34761406ad84d726d9181c65ab23f467269f24e98c687523db580e7433f4d0a4
imagens/b79ebb9c_FKDRT4Ba.jpg,https://salaomorenos.com.br/storage/2026/03/FKDRT4Ba.jpg,WordPress: catalogo publico,182990,b79ebb9c5f744e309dbd9cc52c16f25f9b25e703f4719539c00f48b1ec282980
imagens/f98c8621_Gemini_Generated_Image_4syxo64syxo64syx-1.webp,https://salaomorenos.com.br/storage/2026/03/Gemini_Generated_Image_4syxo64syxo64syx-1.webp,WordPress: catalogo publico,74888,f98c8621a289894fe881667eeca14f3026def36dc84751ec5716776451dea929
imagens/c644f907_Gemini_Generated_Image_4syxo64syxo64syx.webp,https://salaomorenos.com.br/storage/2026/03/Gemini_Generated_Image_4syxo64syxo64syx.webp,WordPress: catalogo publico,968936,c644f907a2f45b00f60ac094d2be37ad3755955d597f53a40468fea5912a6bd4
imagens/5be3444a_Gemini_Generated_Image_bta1d5bta1d5bta1-1.webp,https://salaomorenos.com.br/storage/2026/03/Gemini_Generated_Image_bta1d5bta1d5bta1-1.webp,WordPress: catalogo publico | https://salaomorenos.com.br/unidades/,47206,5be3444ae1a9d15637980ebe55d6a85bfe1cadac90505679be91b9bfaa373012
imagens/fc241571_Gemini_Generated_Image_bta1d5bta1d5bta1.webp,https://salaomorenos.com.br/storage/2026/03/Gemini_Generated_Image_bta1d5bta1d5bta1.webp,WordPress: catalogo publico,747558,fc241571a126af3381d8ea837241accabc455d3dfa351955891e2639ad5e19ce
imagens/98c85a01_Gemini_Generated_Image_j7d0xwj7d0xwj7d0-1-1.webp,https://salaomorenos.com.br/storage/2026/03/Gemini_Generated_Image_j7d0xwj7d0xwj7d0-1-1.webp,WordPress: catalogo publico | https://salaomorenos.com.br/unidades/,79882,98c85a013e3a7b7a5ac56d7dcacfb0ac9c80b55d9efe047fa6f2f25ee7e89d8c
imagens/7393bcdd_Gemini_Generated_Image_j7d0xwj7d0xwj7d0-1.webp,https://salaomorenos.com.br/storage/2026/03/Gemini_Generated_Image_j7d0xwj7d0xwj7d0-1.webp,WordPress: catalogo publico,1011982,7393bcdd06741389837aa1ae9287d5a5c0e181f5c029adcb15093988dbeae58c
imagens/d71c7105_H4HA3UX.jpg,https://salaomorenos.com.br/storage/2026/03/H4HA3UX.jpg,WordPress: catalogo publico,202772,d71c7105593c90ea20c9dbc68ec8914274a15dc81cda29b97d8f64060aeae140
imagens/d8aa0c91_Image-3D44PYB.jpg,https://salaomorenos.com.br/storage/2026/03/Image-3D44PYB.jpg,WordPress: catalogo publico,219199,d8aa0c91501a5ab6fcd5a3dc3cc51bcc12febc9c82bbb51a72e96ac49aa00ff3
imagens/e813a921_Logo-White.png,https://salaomorenos.com.br/storage/2026/03/Logo-White.png,WordPress: catalogo publico,4089,e813a921eab3d541b587a20d747ae328f4737b2c2748813c61cd5bea5c001836
imagens/3d80ce67_NVQY9BRa.jpg,https://salaomorenos.com.br/storage/2026/03/NVQY9BRa.jpg,WordPress: catalogo publico,49665,3d80ce6769f6ee1ed10ec3f1a2e1eba1214ba26da9b957bd05986e62c0fe9da1
imagens/2b54d86e_PU4ECN5.jpg,https://salaomorenos.com.br/storage/2026/03/PU4ECN5.jpg,WordPress: catalogo publico,122259,2b54d86ecf2af0a2056c5681f052b973d707ed4390064154e4618adb09714cc3
imagens/f94d1ea8_Q8FN6N7a3.png,https://salaomorenos.com.br/storage/2026/03/Q8FN6N7a3.png,WordPress: catalogo publico,7013,f94d1ea8605cb10ca9e1477169a3d19b49fc5fc7ed4903c6a28b4b23d88fc87a
imagens/47937a49_Q8FN6N7b3.png,https://salaomorenos.com.br/storage/2026/03/Q8FN6N7b3.png,WordPress: catalogo publico,5614,47937a49115cd5abd7353cec8ab707bb037be48527cb0e8bacccfe3f5de0343e
imagens/60b45985_Q8FN6N7c.png,https://salaomorenos.com.br/storage/2026/03/Q8FN6N7c.png,WordPress: catalogo publico,8098,60b4598500275b6d6bd9ad65cfefdb186bd9f5b0d2272b26577edff2c101ccf2
imagens/49a4382c_Q8FN6N7d.png,https://salaomorenos.com.br/storage/2026/03/Q8FN6N7d.png,WordPress: catalogo publico,8570,49a4382ce0e5e41119d1bc29cb0c227bd239bf732976f315fb5f1403072aaee4
imagens/2747a981_RY42KQ6a.jpg,https://salaomorenos.com.br/storage/2026/03/RY42KQ6a.jpg,WordPress: catalogo publico,43780,2747a981909e1f1c6fc30a8567d980b903504a70697cf34e46908b7defb289c2
imagens/c3c2056e_ServicosP-01.webp,https://salaomorenos.com.br/storage/2026/03/ServicosP-01.webp,WordPress: catalogo publico | https://salaomorenos.com.br/servicos/,57324,c3c2056e76dbbd457caebfb69665aef40146059a5cbf7414c00bee817f825e73
imagens/436cb252_ServicosP-02.webp,https://salaomorenos.com.br/storage/2026/03/ServicosP-02.webp,WordPress: catalogo publico | https://salaomorenos.com.br/servicos/,60340,436cb252acb40e7cd74f1b0045caa18c56a0ab38996c960b339d0c0ab6df65d6
imagens/70076326_ServicosP-03.webp,https://salaomorenos.com.br/storage/2026/03/ServicosP-03.webp,WordPress: catalogo publico | https://salaomorenos.com.br/servicos/,50346,700763264365f5f0e4941193d8ed62da268fbde8203859cf580a1e4de1618df8
imagens/807ef65a_ServicosP-04.webp,https://salaomorenos.com.br/storage/2026/03/ServicosP-04.webp,WordPress: catalogo publico | https://salaomorenos.com.br/servicos/,35548,807ef65aef84563809297e93be644df4ade2ea490991f2411d0800ffbb0f82f3
imagens/24658346_ServicosP-05.webp,https://salaomorenos.com.br/storage/2026/03/ServicosP-05.webp,WordPress: catalogo publico | https://salaomorenos.com.br/servicos/,38364,24658346af96701a871a0cf1a236964c764d07869b1a4c24da87cf35aaf01879
imagens/e5e155d1_ServicosP-06.webp,https://salaomorenos.com.br/storage/2026/03/ServicosP-06.webp,WordPress: catalogo publico | https://salaomorenos.com.br/servicos/,52032,e5e155d1651b4f8eb0d1238913fe14ff1a243742a5119aabfc5c01c841827a2e
imagens/8f1c2c3b_ServicosP-07.webp,https://salaomorenos.com.br/storage/2026/03/ServicosP-07.webp,WordPress: catalogo publico | https://salaomorenos.com.br/servicos/,62360,8f1c2c3b532d8eb19507b6931c48e2702c078eb6dfe72ed209c8bcee36faf99b
imagens/e0212e11_ServicosP-08-1.webp,https://salaomorenos.com.br/storage/2026/03/ServicosP-08-1.webp,WordPress: catalogo publico | https://salaomorenos.com.br/servicos/,50844,e0212e11474efa301007c0ae4a6f86c8e62b830debb3d305cf5fc4ff9b2e5686
imagens/fbf371ef_ServicosP-09.webp,https://salaomorenos.com.br/storage/2026/03/ServicosP-09.webp,WordPress: catalogo publico | https://salaomorenos.com.br/servicos/,58774,fbf371ef397b7ba5d96c4f1b2d95b23952c8df081025ff4d8bb24522b0ff35d8
imagens/f43163ac_ServicosP-10.webp,https://salaomorenos.com.br/storage/2026/03/ServicosP-10.webp,WordPress: catalogo publico | https://salaomorenos.com.br/servicos/,73138,f43163ac1104880122cc46c4e562844d2e9aceb45ac249059069a32cf373be19
imagens/b4e54624_ServicosP-11.webp,https://salaomorenos.com.br/storage/2026/03/ServicosP-11.webp,WordPress: catalogo publico | https://salaomorenos.com.br/servicos/,40418,b4e546248b0376b1190fd0c6bca4dbd35e68b0880170221fa8f8978c9c1c3a32
imagens/4ab24910_ServicosP-12.webp,https://salaomorenos.com.br/storage/2026/03/ServicosP-12.webp,WordPress: catalogo publico | https://salaomorenos.com.br/servicos/,74262,4ab24910df204b9a1aed68f3c9a4c91304dfc10e4067be5131d3894da3f43028
imagens/e64e8bab_ServicosP-13.webp,https://salaomorenos.com.br/storage/2026/03/ServicosP-13.webp,WordPress: catalogo publico | https://salaomorenos.com.br/servicos/,38382,e64e8bab14512ac51d241932029be66011992ac1babc502db1c0e9290235e2f2
imagens/63787472_ServicosP-14.webp,https://salaomorenos.com.br/storage/2026/03/ServicosP-14.webp,WordPress: catalogo publico | https://salaomorenos.com.br/servicos/,42402,637874721b90efb9a6addda77f485b7bff951d45cb88ce44ab4c5fbb2ef05c04
imagens/ba211c0e_ServicosP-15.webp,https://salaomorenos.com.br/storage/2026/03/ServicosP-15.webp,WordPress: catalogo publico | https://salaomorenos.com.br/servicos/,65690,ba211c0ebf6e7e14ca47293114c29bd20a770c968c2e2f434ed2712fe774f14a
imagens/78182fdf_ServicosP-16.webp,https://salaomorenos.com.br/storage/2026/03/ServicosP-16.webp,WordPress: catalogo publico | https://salaomorenos.com.br/servicos/,41138,78182fdf6fd6056c37df85a2a3a920732070ce76aef52acfbe2c83baf867363d
imagens/f13ea65a_VJQBL3Ka.jpg,https://salaomorenos.com.br/storage/2026/03/VJQBL3Ka.jpg,WordPress: catalogo publico,194317,f13ea65a2e67800970b850761f42127aaf1e1765b593eb67ad8daa301489efc7
imagens/747ebc29_VS9UR4K.jpg,https://salaomorenos.com.br/storage/2026/03/VS9UR4K.jpg,WordPress: catalogo publico,138000,747ebc29966edcb37ce65c80165217d62fe4b2c1846dbbcf1ab2f1ed2fe2dcb5
imagens/7801f03d_Visagismo_04.webp,https://salaomorenos.com.br/storage/2026/03/Visagismo_04.webp,WordPress: catalogo publico | https://salaomorenos.com.br/visagismo/,25292,7801f03d82c21413cd6c7eaf6cff4fcc63fa85aa93ee4cdc47465f73875254d7
imagens/3235d7f0_Visagismo_05.webp,https://salaomorenos.com.br/storage/2026/03/Visagismo_05.webp,WordPress: catalogo publico | https://salaomorenos.com.br/visagismo/,38162,3235d7f07bed52255055023b72f53617971862f31c150ce8b61a712b8cbd3605
imagens/c9703a89_Visagismo_06.webp,https://salaomorenos.com.br/storage/2026/03/Visagismo_06.webp,WordPress: catalogo publico | https://salaomorenos.com.br/visagismo/,32284,c9703a89a3ae5b9528a2c977afa03dd4340a03f85f0b07971e9f455a9a2d7162
imagens/bb49e145_Visagismo_identidade.webp,https://salaomorenos.com.br/storage/2026/03/Visagismo_identidade.webp,WordPress: catalogo publico,60270,bb49e14512b9605fb76be8e0de6281ee5fcd558048930ea2eb1ce5d64891b9f9
imagens/134e72ea_XYDJ8QEa.jpg,https://salaomorenos.com.br/storage/2026/03/XYDJ8QEa.jpg,WordPress: catalogo publico,191384,134e72eafb7ad6a2d480d4b10924aa4a1453192bc9721b8d51a0f53a43ba2beb
imagens/5fa7f913_Y85T2K9a.jpg,https://salaomorenos.com.br/storage/2026/03/Y85T2K9a.jpg,WordPress: catalogo publico,172763,5fa7f9134c9a08608473d053a13a6952414ad25752a86e8a06e4c23fd0405de9
imagens/8d9592f4_Y93KSD7a.jpg,https://salaomorenos.com.br/storage/2026/03/Y93KSD7a.jpg,WordPress: catalogo publico,204585,8d9592f4e2e7dd9e86ecfa455a2683903a8d8e59f0b0651a4fdcad96e05d9a2f
imagens/91cae0d4_YTFW326.jpg,https://salaomorenos.com.br/storage/2026/03/YTFW326.jpg,WordPress: catalogo publico,213963,91cae0d41619fb47f41b3bc09bfb6d62404b48501706e2d0b8112c10eb7759c0
imagens/701266d0_ZTWVMBPa.jpg,https://salaomorenos.com.br/storage/2026/03/ZTWVMBPa.jpg,WordPress: catalogo publico,195002,701266d0554b4b2604ace0a5f0fb778aea340188117e25f4e499770ed20bd6ed
imagens/b277cb5e_barber-shaving-man-in-chair-PNZB9QR.jpg,https://salaomorenos.com.br/storage/2026/03/barber-shaving-man-in-chair-PNZB9QR.jpg,WordPress: catalogo publico,126453,b277cb5e36c5ff3a4125c4e8cb063db0b6eff620c47432dbfd66b9c27676c2b0
imagens/d743ca7c_bg1-2.png,https://salaomorenos.com.br/storage/2026/03/bg1-2.png,WordPress: catalogo publico,32004,d743ca7c7f41270e9dfcc9a2ac34550a7e9648a6e145c417c41e2cccb48a7aa1
imagens/41cabe03_bg3-2.png,https://salaomorenos.com.br/storage/2026/03/bg3-2.png,WordPress: catalogo publico,15456,41cabe035af47013d46200d6fb601da8a3b00bae60e38abf4ba3afdeeabcc1ff
imagens/00cae231_bg5.png,https://salaomorenos.com.br/storage/2026/03/bg5.png,WordPress: catalogo publico,19418,00cae23148263e7d7eac24e076bfc547f8f1d944d7bf8833e98d6adc314a59cc
imagens/99f82efb_corporativo.webp,https://salaomorenos.com.br/storage/2026/03/corporativo.webp,WordPress: catalogo publico,66264,99f82efbbc105b9ef4a6c12891cba93f43eff822d24b442a6d6f6b1e613a06ba
imagens/3b29f538_corporativo_01.webp,https://salaomorenos.com.br/storage/2026/03/corporativo_01.webp,WordPress: catalogo publico,81964,3b29f538e2bd120ae71fce8af647e379591b78ea74351dba0c042b20376f6e55
imagens/5b9dab1b_corporativo_02.webp,https://salaomorenos.com.br/storage/2026/03/corporativo_02.webp,WordPress: catalogo publico | https://salaomorenos.com.br/corporativo/,31970,5b9dab1b93390922fca8df1d911d34626592efbc6b35e4f42f6a3efd43511597
imagens/654bdea5_corporativo_04.webp,https://salaomorenos.com.br/storage/2026/03/corporativo_04.webp,WordPress: catalogo publico | https://salaomorenos.com.br/corporativo/,44880,654bdea589b9dd8f9491175ecc946d48e138e17d5cac75f9ba61879bf1dae5ce
imagens/cf1e4bf8_cropped-Design-sem-nome-_44_.webp,https://salaomorenos.com.br/storage/2026/03/cropped-Design-sem-nome-_44_.webp,WordPress: catalogo publico | https://salaomorenos.com.br/ | https://salaomorenos.com.br/corporativo/ | https://salaomorenos.com.br/cultura/ | https://salaomorenos.com.br/dia-do-noivo/ | https://salaomorenos.com.br/o-clube/ | https://salaomorenos.com.br/servicos/ | https://salaomorenos.com.br/trabalhe-conosco/ | https://salaomorenos.com.br/unidades/ | https://salaomorenos.com.br/visagismo/,43182,cf1e4bf84dd0bd990614d3ced44f75d0429e8d8a3d3092abc2ab3adb0fd08b19
imagens/98036b23_cultura_01.webp,https://salaomorenos.com.br/storage/2026/03/cultura_01.webp,WordPress: catalogo publico,64134,98036b23de8edaf9811dc67550ba87b0bd50784b9674460ff3d4f05d55e1a395
imagens/41837d70_hair-care-YNDUCU6.jpg,https://salaomorenos.com.br/storage/2026/03/hair-care-YNDUCU6.jpg,WordPress: catalogo publico,196873,41837d707985eb7762e44ef22c8346b55f2ab8fe71aa6075a9614875ea84e762
imagens/830636e9_hairdresser-making-professional-and-stylish-haircu-X9VXHN9.jpg,https://salaomorenos.com.br/storage/2026/03/hairdresser-making-professional-and-stylish-haircu-X9VXHN9.jpg,WordPress: catalogo publico,193769,830636e9b0dd12442e46d886b2ccf5e0231369eb1ac70a626ba35a77041e3e41
imagens/383af4f8_icon5.png,https://salaomorenos.com.br/storage/2026/03/icon5.png,WordPress: catalogo publico,4042,383af4f832b7b11b53ee589f68b04202dfd243caabed21e61a1e6f0d55b36a67
imagens/7126a84f_icon6.png,https://salaomorenos.com.br/storage/2026/03/icon6.png,WordPress: catalogo publico,5533,7126a84f4b68991d77715373dee19066168c8694fff53f0800bc9823da1cb029
imagens/104d784b_icon7.png,https://salaomorenos.com.br/storage/2026/03/icon7.png,WordPress: catalogo publico,4621,104d784b8a7da668a539bf7169742c08ecc7fe39a54d85c809733a4c7f1cd1cb
imagens/8bf95f89_icon8.png,https://salaomorenos.com.br/storage/2026/03/icon8.png,WordPress: catalogo publico,3166,8bf95f89dd9e9cf6c2ade26461084994125928dcbfd3ef39f06f7342504336cc
imagens/dbb8de0f_jhonsixmockup_1.webp,https://salaomorenos.com.br/storage/2026/03/jhonsixmockup_1.webp,WordPress: catalogo publico,64662,dbb8de0f64267bb362f4e35c8987773d38c4f256cbbd672a697fdc14a1f895cb
imagens/d814c153_loha-prasat-at-wat-ratchanadda-bangkok-thailand-1.jpg,https://salaomorenos.com.br/storage/2026/03/loha-prasat-at-wat-ratchanadda-bangkok-thailand-1.jpg,WordPress: catalogo publico,399468,d814c153da37fe4f9831ff301f0f62cd0777c8bd4f1e4ec3b56310a72ebda97d
imagens/0efbaf16_man-in-the-barbershop-beard-clipper-JN3ADCY.jpg,https://salaomorenos.com.br/storage/2026/03/man-in-the-barbershop-beard-clipper-JN3ADCY.jpg,WordPress: catalogo publico,194482,0efbaf166bae8857b5001d27bcf42fefbeb74cacb0fa78686965a9f6faffb303
imagens/b3624a9b_noivo_03-1.webp,https://salaomorenos.com.br/storage/2026/03/noivo_03-1.webp,WordPress: catalogo publico,38834,b3624a9b6f00c79c73b74110731ee185dce0523f4cbbbf689f04d8890e10f831
imagens/514ac512_noivo_galeria01.webp,https://salaomorenos.com.br/storage/2026/03/noivo_galeria01.webp,WordPress: catalogo publico | https://salaomorenos.com.br/dia-do-noivo/,37688,514ac512c2f51b72c81007b70ef550d1cfd9da30abf400c9a1e27614d7b444c2
imagens/4f79ba52_noivo_galeria02.webp,https://salaomorenos.com.br/storage/2026/03/noivo_galeria02.webp,WordPress: catalogo publico | https://salaomorenos.com.br/dia-do-noivo/,43746,4f79ba5287af282be109ad9ae888e41771d922a3b49482df2e4239cda95a2d5d
imagens/4a1aeb0d_noivo_galeria03.webp,https://salaomorenos.com.br/storage/2026/03/noivo_galeria03.webp,WordPress: catalogo publico | https://salaomorenos.com.br/dia-do-noivo/,46308,4a1aeb0d7a7f0d7461becd1a7b870bbb6d830bf9822f796529fc488bee84d15e
imagens/053209be_noivo_galeria04.webp,https://salaomorenos.com.br/storage/2026/03/noivo_galeria04.webp,WordPress: catalogo publico | https://salaomorenos.com.br/dia-do-noivo/,66766,053209be1bd4793941ddc343b24a0573476c5cb0d94464d71f5fb97c7272a73d
imagens/87160c27_placeholder-1.png,https://salaomorenos.com.br/storage/2026/03/placeholder-1.png,WordPress: catalogo publico,4245,87160c27925aa538685f6b4fa3afa8f6e83d729986fd92184609187fae9cf7a7
imagens/0d17506f_portrait-of-young-male-barbers-and-hairdressers-in-UNQW32P.jpg,https://salaomorenos.com.br/storage/2026/03/portrait-of-young-male-barbers-and-hairdressers-in-UNQW32P.jpg,WordPress: catalogo publico,196939,0d17506f8e03afde965afdbe88a871fd43453860a0c4e216cda9ae3ff1b59d7c
imagens/2b0d918c_primeirabarbearia.webp,https://salaomorenos.com.br/storage/2026/03/primeirabarbearia.webp,WordPress: catalogo publico,69060,2b0d918c73df20d753af41f925becfba01b501adcfa595ea5611af37899322da
imagens/7857dd30_service-of-barbershop-NLXQBVJ.jpg,https://salaomorenos.com.br/storage/2026/03/service-of-barbershop-NLXQBVJ.jpg,WordPress: catalogo publico,195720,7857dd302b86d8706847c13b5ef3109356b987e144092d090dc68162a60a727e
imagens/15c3811e_servico01-1.webp,https://salaomorenos.com.br/storage/2026/03/servico01-1.webp,WordPress: catalogo publico,24576,15c3811e74452a576ecc5ffcb19f1d4961a43fa2522dbb0fcddd7a62c9203f70
imagens/ecd9f192_servico02-1.webp,https://salaomorenos.com.br/storage/2026/03/servico02-1.webp,WordPress: catalogo publico,29396,ecd9f1928941716357670060d7764f7226f23be45cb79ab87d58411d84e54492
imagens/38544693_servico03-1.webp,https://salaomorenos.com.br/storage/2026/03/servico03-1.webp,WordPress: catalogo publico,22482,385446933062f7837cf72601d5083cc8987228e05b1c5cdfee67d6df93f4058a
imagens/5d096622_servico04-1.webp,https://salaomorenos.com.br/storage/2026/03/servico04-1.webp,WordPress: catalogo publico,26076,5d096622108cb37a6c7b88813a9517c670499b3e0b8626741f098917d9be6bc9
imagens/e69d3124_servico05-1.webp,https://salaomorenos.com.br/storage/2026/03/servico05-1.webp,WordPress: catalogo publico,23244,e69d312471193ed138b93464d3ab4ec8e87ed463b097da8f6ee72ff9e40777cb
imagens/7a8d1edb_shaving-accessories-on-a-luxury-wooden-background-PKJC2D2.jpg,https://salaomorenos.com.br/storage/2026/03/shaving-accessories-on-a-luxury-wooden-background-PKJC2D2.jpg,WordPress: catalogo publico,197406,7a8d1edbb10871a5235b8ec52aac7ade3ba9307cb6a85f45d9ab32d450d1132c
imagens/ff8cf0b1_singapore-city-skyline.jpg,https://salaomorenos.com.br/storage/2026/03/singapore-city-skyline.jpg,WordPress: catalogo publico,352197,ff8cf0b123a410f6da92cbac8b71d3ea750791454eb1a6a826050c3ecb581743
imagens/b1e55d25_stylish-man-sitting-in-a-barbershop-EYR3SFA.jpg,https://salaomorenos.com.br/storage/2026/03/stylish-man-sitting-in-a-barbershop-EYR3SFA.jpg,WordPress: catalogo publico,182700,b1e55d251b56e357a7c8e652acdfd0d0daea07cdb96c3b99ac9b2b18dd8bfe93
imagens/79134ceb_trabalhe_02.webp,https://salaomorenos.com.br/storage/2026/03/trabalhe_02.webp,WordPress: catalogo publico,56638,79134ceb6525decc15f2fdb022f4d0b58864b3c767982b7d443d11dbf269c3cb
imagens/4e668f88_unidade01.webp,https://salaomorenos.com.br/storage/2026/03/unidade01.webp,WordPress: catalogo publico,80468,4e668f88b70ce1ee5f5754bb31d2c30906d5696e4593694d8168f8f593911862
imagens/5015ac80_unidade02.webp,https://salaomorenos.com.br/storage/2026/03/unidade02.webp,WordPress: catalogo publico,75366,5015ac80770ca48b47ef8371c4c67d15ea9585c65c88b2cf7fd4daee9249683e
imagens/0a11f7ec_unidade03-1.webp,https://salaomorenos.com.br/storage/2026/03/unidade03-1.webp,WordPress: catalogo publico,42392,0a11f7ecf7aec90a50dc48ede9ed950e23d0ef43424090dd1f109e3a5b798003
imagens/a0229f31_unidades_04-1.webp,https://salaomorenos.com.br/storage/2026/03/unidades_04-1.webp,WordPress: catalogo publico,35568,a0229f31b9e684ca18ea2a37f742b21280f0616b855b763fcb303eeeff94e47f
imagens/24745f0d_unnamed-1.webp,https://salaomorenos.com.br/storage/2026/03/unnamed-1.webp,WordPress: catalogo publico,94232,24745f0d3b2b74d912e628ff91368f9acbf6b3317baf3a5ce09ad20abe101e6f
imagens/11a0e93c_unnamed-2.webp,https://salaomorenos.com.br/storage/2026/03/unnamed-2.webp,WordPress: catalogo publico,168036,11a0e93c77dd5628df0e5f50bf73032942f05411477e4445096757bf520867c7
imagens/e0b03cd1_unnamed.webp,https://salaomorenos.com.br/storage/2026/03/unnamed.webp,WordPress: catalogo publico,159298,e0b03cd13b66279bd65ec74d2c85e09886556747249b19650e46466e9d91dbe4
imagens/a22a263a_vector02.svg,https://salaomorenos.com.br/storage/2026/03/vector02.svg,WordPress: catalogo publico,263,a22a263a5283bab9c31da2b73169d0ec45b8c6a0ab168ff8be11e8f254146602
imagens/8a91c575_1-1.webp,https://salaomorenos.com.br/storage/2026/05/1-1.webp,WordPress: catalogo publico | https://salaomorenos.com.br/visagismo/,205824,8a91c575eda9ef25042527f98a2d141b46c3a51f1d45b01d5bc3ba5521d53d94
imagens/9e38b00a_1.webp,https://salaomorenos.com.br/storage/2026/05/1.webp,WordPress: catalogo publico | https://salaomorenos.com.br/trabalhe-conosco/,143844,9e38b00a436232bf3b9aae700056294ef1b1657e57c96ae9be39628beeb727bd
imagens/90f7da44_2-1.webp,https://salaomorenos.com.br/storage/2026/05/2-1.webp,WordPress: catalogo publico | https://salaomorenos.com.br/visagismo/,132194,90f7da449c75374df68f9b44b747baf4a9d69427d116d1403d1e8dac1e4e15c3
imagens/a5a7360e_2.webp,https://salaomorenos.com.br/storage/2026/05/2.webp,WordPress: catalogo publico | https://salaomorenos.com.br/trabalhe-conosco/,146722,a5a7360e9aaeaf758cc34574eef6858840f0c7b730fd698d999310586b97ea5e
imagens/40c7381d_3-1.webp,https://salaomorenos.com.br/storage/2026/05/3-1.webp,WordPress: catalogo publico | https://salaomorenos.com.br/visagismo/,104120,40c7381d63f252224251c8385e925ca959a5310908789b4f7ff677516c03d842
imagens/8d2e881a_3.webp,https://salaomorenos.com.br/storage/2026/05/3.webp,WordPress: catalogo publico | https://salaomorenos.com.br/trabalhe-conosco/,174954,8d2e881acfab669e32c6ca336a68a219a89d33762cd17c806164283e6dfc7199
imagens/7ea968d7_4.webp,https://salaomorenos.com.br/storage/2026/05/4.webp,WordPress: catalogo publico | https://salaomorenos.com.br/trabalhe-conosco/,97086,7ea968d7a708815db81bb9776920b05cedf4381b34f9c759787226df6802b80f
imagens/974c916a_5.webp,https://salaomorenos.com.br/storage/2026/05/5.webp,WordPress: catalogo publico | https://salaomorenos.com.br/trabalhe-conosco/,141624,974c916a3a0eaf3ea28cbaadcaf4c830e824fd11c27ad5ba0c944c56f2c6e7d2
imagens/3dda3857_6.webp,https://salaomorenos.com.br/storage/2026/05/6.webp,WordPress: catalogo publico | https://salaomorenos.com.br/trabalhe-conosco/,80570,3dda3857dfee1dd48c5a69d609bea6675de40630add67ec3ab6b775f77d6c39f
imagens/269b34c2_Design-sem-nome-78.png,https://salaomorenos.com.br/storage/2026/05/Design-sem-nome-78.png,WordPress: catalogo publico,68063,269b34c2feb7c76f7f47def4522074cf6797dff2e2f375fd8d76af49791c7d1d
imagens/bd58bf6d_Design-sem-nome-85.png,https://salaomorenos.com.br/storage/2026/05/Design-sem-nome-85.png,WordPress: catalogo publico,423668,bd58bf6d7c9df6fef29f809704cc558ed9b2a7e12bccfc1676b4b606ce3cb093
imagens/0ce6cc74_Design-sem-nome-_78_.webp,https://salaomorenos.com.br/storage/2026/05/Design-sem-nome-_78_.webp,WordPress: catalogo publico,139352,0ce6cc7432687089b1916c441bedc1e0d608cfdc187f829dc4b88e744465c11a
imagens/45383b96_Design-sem-nome-_79_.webp,https://salaomorenos.com.br/storage/2026/05/Design-sem-nome-_79_.webp,WordPress: catalogo publico | https://salaomorenos.com.br/dia-do-noivo/,133346,45383b96dd4bfd5c8651a31b065271998e2dc47c7bdafb2846b4e0c992568af5
imagens/911289ed_Design-sem-nome-_82_.webp,https://salaomorenos.com.br/storage/2026/05/Design-sem-nome-_82_.webp,WordPress: catalogo publico,158332,911289eda141bfd349d6d28beb81509d52a744e4a86a19d3a33286ce80e36831
imagens/5937b325_Design-sem-nome-_83_.webp,https://salaomorenos.com.br/storage/2026/05/Design-sem-nome-_83_.webp,WordPress: catalogo publico | https://salaomorenos.com.br/visagismo/,187718,5937b325bf8e0c6433ab82845d60d11b9a6f8eb81b063a4c133dc47e20616a37
imagens/2814bb43_IMG_9860-e1779834513802.webp,https://salaomorenos.com.br/storage/2026/05/IMG_9860-e1779834513802.webp,WordPress: catalogo publico | https://salaomorenos.com.br/corporativo/,162418,2814bb43304f8b2e201fab56f6384c1094b2e8894bd1e7513ae1642a79be6e3e
imagens/9bea1c4b_IMG_9860_001.webp,https://salaomorenos.com.br/storage/2026/05/IMG_9860_001.webp,WordPress: catalogo publico,199150,9bea1c4b9d08e77af0274bc4491ee13f889fff10a04e97c1ab0ba7046ca5bf24
imagens/0b3141d3_IMG_9864-e1779834422605.webp,https://salaomorenos.com.br/storage/2026/05/IMG_9864-e1779834422605.webp,WordPress: catalogo publico | https://salaomorenos.com.br/o-clube/,191116,0b3141d3687472536d5c90da52f5e74287ca9ecffdf44ff2ea30c48266cf8cdb
imagens/569e8a37_IMG_9877.webp,https://salaomorenos.com.br/storage/2026/05/IMG_9877.webp,WordPress: catalogo publico | https://salaomorenos.com.br/cultura/,257856,569e8a37ab7701b472e2369c5d09e3f333ecb2d093bc727d7f49160ebe7cc065
imagens/95f4bf8d_IMG_9880-e1779834710333.webp,https://salaomorenos.com.br/storage/2026/05/IMG_9880-e1779834710333.webp,WordPress: catalogo publico | https://salaomorenos.com.br/visagismo/,168268,95f4bf8d8b4aec87fa0ba618e76545d3e9d17e4967b7ca5df9078457f8570049
imagens/681ad0c6_WhatsApp-Image-2026-05-26-at-19.20.55.webp,https://salaomorenos.com.br/storage/2026/05/WhatsApp-Image-2026-05-26-at-19.20.55.webp,WordPress: catalogo publico | https://salaomorenos.com.br/,85682,681ad0c685341d6a10596e275e7b4d2052edf9176745a22319fb9996d3b6d3fb
imagens/a437bb39_WhatsApp-Image-2026-05-26-at-19.24.26-e1779835083608.webp,https://salaomorenos.com.br/storage/2026/05/WhatsApp-Image-2026-05-26-at-19.24.26-e1779835083608.webp,WordPress: catalogo publico | https://salaomorenos.com.br/,159074,a437bb396488161cd7af073bcafb307461804e22f9a23a5aec472bd584fb5132
imagens/2a43cccd_WhatsApp-Image-2026-05-26-at-19.35.01-e1779834996193.webp,https://salaomorenos.com.br/storage/2026/05/WhatsApp-Image-2026-05-26-at-19.35.01-e1779834996193.webp,WordPress: catalogo publico | https://salaomorenos.com.br/trabalhe-conosco/,170068,2a43cccdd4ad3552585be9d0b09de149f11029aee0d572652c39b457f8eff867
